season,League,Team,total_goals_scored,total_goals_conceded,total_points
2014/2015,Bundesliga,Bayern Munich,80,18,79
2014/2015,Bundesliga,Wolfsburg,72,38,69
2014/2015,Bundesliga,Borussia M.Gladbach,53,26,66
2014/2015,Bundesliga,Bayer Leverkusen,62,37,61
2014/2015,Bundesliga,Augsburg,43,43,49
2014/2015,Bundesliga,Schalke 04,42,40,48
2014/2015,Bundesliga,Borussia Dortmund,47,42,46
2014/2015,Bundesliga,Hoffenheim,49,55,44
2014/2015,Bundesliga,Eintracht Frankfurt,56,62,43
2014/2015,Bundesliga,Werder Bremen,50,65,43
2014/2015,Bundesliga,FC Cologne,34,40,40
2014/2015,Bundesliga,Mainz 05,45,47,40
2014/2015,Bundesliga,Hannover 96,40,56,37
2014/2015,Bundesliga,VfB Stuttgart,42,60,36
2014/2015,Bundesliga,Hamburger SV,25,50,35
2014/2015,Bundesliga,Hertha Berlin,36,52,35
2014/2015,Bundesliga,Freiburg,36,47,34
2014/2015,Bundesliga,Paderborn,31,65,31
2014/2015,La Liga,Barcelona,110,21,94
2014/2015,La Liga,Real Madrid,118,38,92
2014/2015,La Liga,Atletico Madrid,67,29,78
2014/2015,La Liga,Valencia,70,32,77
2014/2015,La Liga,Sevilla,71,45,76
2014/2015,La Liga,Villarreal,48,37,60
2014/2015,La Liga,Athletic Club,42,41,55
2014/2015,La Liga,Celta Vigo,47,44,51
2014/2015,La Liga,Malaga,42,48,50
2014/2015,La Liga,Espanyol,47,51,49
2014/2015,La Liga,Rayo Vallecano,46,68,49
2014/2015,La Liga,Real Sociedad,44,51,46
2014/2015,La Liga,Elche,35,62,41
2014/2015,La Liga,Getafe,33,64,37
2014/2015,La Liga,Levante,34,67,37
2014/2015,La Liga,Deportivo La Coruna,35,60,35
2014/2015,La Liga,Eibar,34,55,35
2014/2015,La Liga,Granada,29,64,35
2014/2015,La Liga,Almeria,35,64,32
2014/2015,La Liga,Cordoba,22,68,20
2014/2015,Ligue 1,Paris Saint Germain,83,36,83
2014/2015,Ligue 1,Lyon,72,33,75
2014/2015,Ligue 1,Monaco,51,26,71
2014/2015,Ligue 1,Marseille,76,42,69
2014/2015,Ligue 1,Saint-Etienne,51,30,69
2014/2015,Ligue 1,Bordeaux,47,44,63
2014/2015,Ligue 1,Lille,43,42,56
2014/2015,Ligue 1,Montpellier,46,39,56
2014/2015,Ligue 1,Rennes,35,42,50
2014/2015,Ligue 1,Guingamp,41,55,49
2014/2015,Ligue 1,Nice,44,53,48
2014/2015,Ligue 1,SC Bastia,37,46,47
2014/2015,Ligue 1,Caen,54,55,46
2014/2015,Ligue 1,Nantes,29,40,45
2014/2015,Ligue 1,Reims,47,66,44
2014/2015,Ligue 1,Lorient,44,50,43
2014/2015,Ligue 1,Toulouse,43,64,42
2014/2015,Ligue 1,Evian Thonon Gaillard,41,62,37
2014/2015,Ligue 1,Metz,31,61,30
2014/2015,Ligue 1,Lens,32,61,29
2014/2015,Premier League,Chelsea,73,32,87
2014/2015,Premier League,Manchester City,83,38,79
2014/2015,Premier League,Arsenal,71,36,75
2014/2015,Premier League,Manchester United,62,37,70
2014/2015,Premier League,Tottenham,58,53,64
2014/2015,Premier League,Liverpool,52,48,62
2014/2015,Premier League,Southampton,54,33,60
2014/2015,Premier League,Swansea,46,49,56
2014/2015,Premier League,Stoke,48,45,54
2014/2015,Premier League,Crystal Palace,47,51,48
2014/2015,Premier League,Everton,48,50,47
2014/2015,Premier League,West Ham,44,47,47
2014/2015,Premier League,West Bromwich Albion,38,51,44
2014/2015,Premier League,Leicester,46,55,41
2014/2015,Premier League,Newcastle United,40,63,39
2014/2015,Premier League,Aston Villa,31,57,38
2014/2015,Premier League,Sunderland,31,53,38
2014/2015,Premier League,Hull,33,51,35
2014/2015,Premier League,Burnley,28,53,33
2014/2015,Premier League,Queens Park Rangers,42,73,30
2014/2015,Serie A,Juventus,72,24,87
2014/2015,Serie A,Roma,54,31,70
2014/2015,Serie A,Lazio,71,38,69
2014/2015,Serie A,Fiorentina,61,46,64
2014/2015,Serie A,Napoli,70,54,63
2014/2015,Serie A,Genoa,62,47,59
2014/2015,Serie A,Sampdoria,48,42,56
2014/2015,Serie A,Inter,59,48,55
2014/2015,Serie A,Torino,48,45,54
2014/2015,Serie A,AC Milan,56,50,52
2014/2015,Serie A,Palermo,53,55,49
2014/2015,Serie A,Sassuolo,49,57,49
2014/2015,Serie A,Verona,49,65,46
2014/2015,Serie A,Chievo,28,41,43
2014/2015,Serie A,Empoli,46,52,42
2014/2015,Serie A,Udinese,43,56,41
2014/2015,Serie A,Atalanta,38,57,37
2014/2015,Serie A,Cagliari,48,68,34
2014/2015,Serie A,Parma Calcio 1913,33,75,26
2014/2015,Serie A,Cesena,36,73,24
2015/2016,Bundesliga,Bayern Munich,80,17,88
2015/2016,Bundesliga,Borussia Dortmund,82,34,78
2015/2016,Bundesliga,Bayer Leverkusen,56,40,60
2015/2016,Bundesliga,Borussia M.Gladbach,67,50,55
2015/2016,Bundesliga,Schalke 04,51,49,52
2015/2016,Bundesliga,Hertha Berlin,42,42,50
2015/2016,Bundesliga,Mainz 05,46,42,50
2015/2016,Bundesliga,Wolfsburg,47,49,45
2015/2016,Bundesliga,FC Cologne,38,42,43
2015/2016,Bundesliga,Hamburger SV,40,46,41
2015/2016,Bundesliga,Ingolstadt,33,42,40
2015/2016,Bundesliga,Augsburg,42,52,38
2015/2016,Bundesliga,Darmstadt,38,53,38
2015/2016,Bundesliga,Werder Bremen,50,65,38
2015/2016,Bundesliga,Hoffenheim,39,54,37
2015/2016,Bundesliga,Eintracht Frankfurt,34,52,36
2015/2016,Bundesliga,VfB Stuttgart,50,75,33
2015/2016,Bundesliga,Hannover 96,31,62,25
2015/2016,La Liga,Barcelona,112,29,91
2015/2016,La Liga,Real Madrid,110,34,90
2015/2016,La Liga,Atletico Madrid,63,18,88
2015/2016,La Liga,Villarreal,44,35,64
2015/2016,La Liga,Athletic Club,58,45,62
2015/2016,La Liga,Celta Vigo,51,59,60
2015/2016,La Liga,Sevilla,51,50,52
2015/2016,La Liga,Malaga,38,35,48
2015/2016,La Liga,Real Sociedad,45,48,48
2015/2016,La Liga,Real Betis,34,52,45
2015/2016,La Liga,Las Palmas,45,53,44
2015/2016,La Liga,Valencia,46,48,44
2015/2016,La Liga,Eibar,49,61,43
2015/2016,La Liga,Espanyol,40,74,43
2015/2016,La Liga,Deportivo La Coruna,45,61,42
2015/2016,La Liga,Granada,46,69,39
2015/2016,La Liga,Sporting Gijon,40,62,39
2015/2016,La Liga,Rayo Vallecano,52,73,38
2015/2016,La Liga,Getafe,37,67,36
2015/2016,La Liga,Levante,37,70,32
2015/2016,Ligue 1,Paris Saint Germain,102,19,96
2015/2016,Ligue 1,Lyon,67,43,65
2015/2016,Ligue 1,Monaco,57,50,65
2015/2016,Ligue 1,Nice,58,41,63
2015/2016,Ligue 1,Lille,39,27,60
2015/2016,Ligue 1,Saint-Etienne,42,37,58
2015/2016,Ligue 1,Caen,39,52,54
2015/2016,Ligue 1,Rennes,52,54,52
2015/2016,Ligue 1,Angers,40,38,50
2015/2016,Ligue 1,Bordeaux,50,57,50
2015/2016,Ligue 1,SC Bastia,36,42,50
2015/2016,Ligue 1,Montpellier,49,47,49
2015/2016,Ligue 1,Marseille,48,42,48
2015/2016,Ligue 1,Nantes,33,44,48
2015/2016,Ligue 1,Lorient,47,58,46
2015/2016,Ligue 1,Guingamp,47,56,44
2015/2016,Ligue 1,Toulouse,45,55,40
2015/2016,Ligue 1,Reims,44,57,39
2015/2016,Ligue 1,GFC Ajaccio,37,58,37
2015/2016,Ligue 1,Troyes,28,83,18
2015/2016,Premier League,Leicester,68,36,81
2015/2016,Premier League,Arsenal,65,36,71
2015/2016,Premier League,Tottenham,69,35,70
2015/2016,Premier League,Manchester City,71,41,66
2015/2016,Premier League,Manchester United,49,35,66
2015/2016,Premier League,Southampton,59,41,63
2015/2016,Premier League,West Ham,65,51,62
2015/2016,Premier League,Liverpool,63,50,60
2015/2016,Premier League,Stoke,41,55,51
2015/2016,Premier League,Chelsea,59,53,50
2015/2016,Premier League,Everton,59,55,47
2015/2016,Premier League,Swansea,42,52,47
2015/2016,Premier League,Watford,40,50,45
2015/2016,Premier League,West Bromwich Albion,34,48,43
2015/2016,Premier League,Bournemouth,45,67,42
2015/2016,Premier League,Crystal Palace,39,51,42
2015/2016,Premier League,Sunderland,48,62,39
2015/2016,Premier League,Newcastle United,44,65,37
2015/2016,Premier League,Norwich,39,67,34
2015/2016,Premier League,Aston Villa,27,76,17
2015/2016,Serie A,Juventus,75,20,91
2015/2016,Serie A,Napoli,80,32,82
2015/2016,Serie A,Roma,83,41,80
2015/2016,Serie A,Inter,50,38,67
2015/2016,Serie A,Fiorentina,60,42,64
2015/2016,Serie A,Sassuolo,49,40,61
2015/2016,Serie A,AC Milan,49,43,57
2015/2016,Serie A,Lazio,52,52,54
2015/2016,Serie A,Chievo,43,45,50
2015/2016,Serie A,Empoli,40,49,46
2015/2016,Serie A,Genoa,45,48,46
2015/2016,Serie A,Atalanta,41,47,45
2015/2016,Serie A,Torino,52,55,45
2015/2016,Serie A,Bologna,33,45,42
2015/2016,Serie A,Sampdoria,48,61,40
2015/2016,Serie A,Palermo,38,65,39
2015/2016,Serie A,Udinese,35,60,39
2015/2016,Serie A,Carpi,37,57,38
2015/2016,Serie A,Frosinone,35,76,31
2015/2016,Serie A,Verona,34,63,28
2016/2017,Bundesliga,Bayern Munich,89,22,82
2016/2017,Bundesliga,RasenBallsport Leipzig,66,39,67
2016/2017,Bundesliga,Borussia Dortmund,72,40,64
2016/2017,Bundesliga,Hoffenheim,64,37,62
2016/2017,Bundesliga,FC Cologne,51,42,49
2016/2017,Bundesliga,Hertha Berlin,43,47,49
2016/2017,Bundesliga,Freiburg,42,60,48
2016/2017,Bundesliga,Borussia M.Gladbach,45,49,45
2016/2017,Bundesliga,Werder Bremen,61,64,45
2016/2017,Bundesliga,Schalke 04,45,40,43
2016/2017,Bundesliga,Eintracht Frankfurt,36,43,42
2016/2017,Bundesliga,Bayer Leverkusen,53,55,41
2016/2017,Bundesliga,Augsburg,35,51,38
2016/2017,Bundesliga,Hamburger SV,33,61,38
2016/2017,Bundesliga,Mainz 05,44,55,37
2016/2017,Bundesliga,Wolfsburg,34,52,37
2016/2017,Bundesliga,Ingolstadt,36,57,32
2016/2017,Bundesliga,Darmstadt,28,63,25
2016/2017,La Liga,Real Madrid,106,41,93
2016/2017,La Liga,Barcelona,116,37,90
2016/2017,La Liga,Atletico Madrid,70,27,78
2016/2017,La Liga,Sevilla,69,49,72
2016/2017,La Liga,Villarreal,56,33,67
2016/2017,La Liga,Real Sociedad,59,53,64
2016/2017,La Liga,Athletic Club,53,43,63
2016/2017,La Liga,Espanyol,49,50,56
2016/2017,La Liga,Alaves,41,43,55
2016/2017,La Liga,Eibar,56,51,54
2016/2017,La Liga,Malaga,49,55,46
2016/2017,La Liga,Valencia,56,65,46
2016/2017,La Liga,Celta Vigo,53,69,45
2016/2017,La Liga,Las Palmas,53,74,39
2016/2017,La Liga,Real Betis,41,64,39
2016/2017,La Liga,Deportivo La Coruna,43,61,36
2016/2017,La Liga,Leganes,36,55,35
2016/2017,La Liga,Sporting Gijon,42,72,31
2016/2017,La Liga,Osasuna,40,94,22
2016/2017,La Liga,Granada,30,82,20
2016/2017,Ligue 1,Monaco,107,31,95
2016/2017,Ligue 1,Paris Saint Germain,83,27,87
2016/2017,Ligue 1,Nice,63,36,78
2016/2017,Ligue 1,Lyon,77,48,64
2016/2017,Ligue 1,Marseille,57,41,62
2016/2017,Ligue 1,Bordeaux,53,43,59
2016/2017,Ligue 1,Nantes,40,54,51
2016/2017,Ligue 1,Guingamp,46,53,50
2016/2017,Ligue 1,Rennes,36,42,50
2016/2017,Ligue 1,Saint-Etienne,41,42,50
2016/2017,Ligue 1,Angers,40,49,46
2016/2017,Ligue 1,Lille,40,47,46
2016/2017,Ligue 1,Toulouse,37,41,44
2016/2017,Ligue 1,Metz,39,72,43
2016/2017,Ligue 1,Montpellier,48,66,39
2016/2017,Ligue 1,Caen,36,65,37
2016/2017,Ligue 1,Dijon,46,58,37
2016/2017,Ligue 1,Lorient,44,70,36
2016/2017,Ligue 1,Nancy,29,52,35
2016/2017,Ligue 1,SC Bastia,29,54,34
2016/2017,Premier League,Chelsea,85,33,93
2016/2017,Premier League,Tottenham,86,26,86
2016/2017,Premier League,Manchester City,80,39,78
2016/2017,Premier League,Liverpool,78,42,76
2016/2017,Premier League,Arsenal,77,44,75
2016/2017,Premier League,Manchester United,54,29,69
2016/2017,Premier League,Everton,62,44,61
2016/2017,Premier League,Bournemouth,55,67,46
2016/2017,Premier League,Southampton,41,48,46
2016/2017,Premier League,West Bromwich Albion,43,51,45
2016/2017,Premier League,West Ham,47,64,45
2016/2017,Premier League,Leicester,48,63,44
2016/2017,Premier League,Stoke,41,56,44
2016/2017,Premier League,Crystal Palace,50,63,41
2016/2017,Premier League,Swansea,45,70,41
2016/2017,Premier League,Burnley,39,55,40
2016/2017,Premier League,Watford,40,68,40
2016/2017,Premier League,Hull,37,80,34
2016/2017,Premier League,Middlesbrough,27,53,28
2016/2017,Premier League,Sunderland,29,69,24
2016/2017,Serie A,Juventus,77,27,91
2016/2017,Serie A,Roma,90,38,87
2016/2017,Serie A,Napoli,94,39,86
2016/2017,Serie A,Atalanta,62,41,72
2016/2017,Serie A,Lazio,74,51,70
2016/2017,Serie A,AC Milan,57,45,63
2016/2017,Serie A,Inter,72,49,62
2016/2017,Serie A,Fiorentina,63,57,60
2016/2017,Serie A,Torino,71,66,53
2016/2017,Serie A,Sassuolo,60,61,49
2016/2017,Serie A,Sampdoria,49,55,48
2016/2017,Serie A,Cagliari,55,76,47
2016/2017,Serie A,Udinese,47,56,45
2016/2017,Serie A,Chievo,43,61,43
2016/2017,Serie A,Bologna,40,58,41
2016/2017,Serie A,Genoa,38,64,36
2016/2017,Serie A,Crotone,34,58,34
2016/2017,Serie A,Empoli,29,61,32
2016/2017,Serie A,Palermo,33,77,26
2016/2017,Serie A,Pescara,35,83,15
2017/2018,Bundesliga,Bayern Munich,92,28,84
2017/2018,Bundesliga,Schalke 04,53,37,63
2017/2018,Bundesliga,Bayer Leverkusen,58,44,55
2017/2018,Bundesliga,Borussia Dortmund,64,47,55
2017/2018,Bundesliga,Hoffenheim,66,48,55
2017/2018,Bundesliga,RasenBallsport Leipzig,57,53,53
2017/2018,Bundesliga,VfB Stuttgart,36,36,51
2017/2018,Bundesliga,Eintracht Frankfurt,45,45,49
2017/2018,Bundesliga,Borussia M.Gladbach,47,52,47
2017/2018,Bundesliga,Hertha Berlin,43,46,43
2017/2018,Bundesliga,Werder Bremen,37,40,42
2017/2018,Bundesliga,Augsburg,43,46,41
2017/2018,Bundesliga,Hannover 96,44,54,39
2017/2018,Bundesliga,Freiburg,32,56,36
2017/2018,Bundesliga,Mainz 05,38,52,36
2017/2018,Bundesliga,Wolfsburg,36,48,33
2017/2018,Bundesliga,Hamburger SV,29,53,31
2017/2018,Bundesliga,FC Cologne,35,70,22
2017/2018,La Liga,Barcelona,99,29,93
2017/2018,La Liga,Atletico Madrid,58,22,79
2017/2018,La Liga,Real Madrid,94,44,76
2017/2018,La Liga,Valencia,65,38,73
2017/2018,La Liga,Villarreal,57,50,61
2017/2018,La Liga,Real Betis,60,61,60
2017/2018,La Liga,Sevilla,49,58,58
2017/2018,La Liga,Getafe,42,33,55
2017/2018,La Liga,Eibar,44,50,51
2017/2018,La Liga,Girona,50,59,51
2017/2018,La Liga,Celta Vigo,59,60,49
2017/2018,La Liga,Espanyol,36,42,49
2017/2018,La Liga,Real Sociedad,66,59,49
2017/2018,La Liga,Alaves,40,50,47
2017/2018,La Liga,Levante,44,58,46
2017/2018,La Liga,Athletic Club,41,49,43
2017/2018,La Liga,Leganes,34,51,43
2017/2018,La Liga,Deportivo La Coruna,38,76,29
2017/2018,La Liga,Las Palmas,24,74,22
2017/2018,La Liga,Malaga,24,61,20
2017/2018,Ligue 1,Paris Saint Germain,108,29,93
2017/2018,Ligue 1,Monaco,85,45,80
2017/2018,Ligue 1,Lyon,87,43,78
2017/2018,Ligue 1,Marseille,80,47,77
2017/2018,Ligue 1,Rennes,50,44,58
2017/2018,Ligue 1,Bordeaux,53,48,55
2017/2018,Ligue 1,Saint-Etienne,47,50,55
2017/2018,Ligue 1,Nice,53,52,54
2017/2018,Ligue 1,Nantes,36,41,52
2017/2018,Ligue 1,Montpellier,36,33,51
2017/2018,Ligue 1,Dijon,55,73,48
2017/2018,Ligue 1,Guingamp,48,59,47
2017/2018,Ligue 1,Amiens,37,42,45
2017/2018,Ligue 1,Angers,42,52,41
2017/2018,Ligue 1,Caen,27,52,38
2017/2018,Ligue 1,Lille,41,67,38
2017/2018,Ligue 1,Strasbourg,44,67,38
2017/2018,Ligue 1,Toulouse,38,54,37
2017/2018,Ligue 1,Troyes,32,59,33
2017/2018,Ligue 1,Metz,34,76,26
2017/2018,Premier League,Manchester City,106,27,100
2017/2018,Premier League,Manchester United,68,28,81
2017/2018,Premier League,Tottenham,74,36,77
2017/2018,Premier League,Liverpool,84,38,75
2017/2018,Premier League,Chelsea,62,38,70
2017/2018,Premier League,Arsenal,74,51,63
2017/2018,Premier League,Burnley,36,39,54
2017/2018,Premier League,Everton,44,58,49
2017/2018,Premier League,Leicester,56,60,47
2017/2018,Premier League,Bournemouth,45,61,44
2017/2018,Premier League,Crystal Palace,45,55,44
2017/2018,Premier League,Newcastle United,39,47,44
2017/2018,Premier League,West Ham,48,68,42
2017/2018,Premier League,Watford,44,64,41
2017/2018,Premier League,Brighton,34,54,40
2017/2018,Premier League,Huddersfield,28,58,37
2017/2018,Premier League,Southampton,37,56,36
2017/2018,Premier League,Stoke,35,68,33
2017/2018,Premier League,Swansea,28,56,33
2017/2018,Premier League,West Bromwich Albion,31,56,31
2017/2018,Serie A,Juventus,86,24,95
2017/2018,Serie A,Napoli,77,29,91
2017/2018,Serie A,Roma,61,28,77
2017/2018,Serie A,Inter,66,30,72
2017/2018,Serie A,Lazio,89,49,72
2017/2018,Serie A,AC Milan,56,42,64
2017/2018,Serie A,Atalanta,57,39,60
2017/2018,Serie A,Fiorentina,54,46,57
2017/2018,Serie A,Sampdoria,56,60,54
2017/2018,Serie A,Torino,54,46,54
2017/2018,Serie A,Sassuolo,29,59,43
2017/2018,Serie A,Genoa,33,43,41
2017/2018,Serie A,Chievo,36,59,40
2017/2018,Serie A,Udinese,48,63,40
2017/2018,Serie A,Bologna,40,52,39
2017/2018,Serie A,Cagliari,33,61,39
2017/2018,Serie A,SPAL 2013,39,59,38
2017/2018,Serie A,Crotone,40,66,35
2017/2018,Serie A,Verona,30,78,25
2017/2018,Serie A,Benevento,33,84,21
2018/2019,Bundesliga,Bayern Munich,88,32,78
2018/2019,Bundesliga,Borussia Dortmund,81,44,76
2018/2019,Bundesliga,RasenBallsport Leipzig,63,29,66
2018/2019,Bundesliga,Bayer Leverkusen,69,52,58
2018/2019,Bundesliga,Borussia M.Gladbach,55,42,55
2018/2019,Bundesliga,Wolfsburg,62,50,55
2018/2019,Bundesliga,Eintracht Frankfurt,60,48,54
2018/2019,Bundesliga,Werder Bremen,58,49,53
2018/2019,Bundesliga,Hoffenheim,70,52,51
2018/2019,Bundesliga,Fortuna Duesseldorf,49,65,44
2018/2019,Bundesliga,Hertha Berlin,49,57,43
2018/2019,Bundesliga,Mainz 05,46,57,43
2018/2019,Bundesliga,Freiburg,46,61,36
2018/2019,Bundesliga,Schalke 04,37,55,33
2018/2019,Bundesliga,Augsburg,51,71,32
2018/2019,Bundesliga,VfB Stuttgart,32,70,28
2018/2019,Bundesliga,Hannover 96,31,71,21
2018/2019,Bundesliga,Nuernberg,26,68,19
2018/2019,La Liga,Barcelona,90,36,87
2018/2019,La Liga,Atletico Madrid,55,29,76
2018/2019,La Liga,Real Madrid,63,46,68
2018/2019,La Liga,Valencia,51,35,61
2018/2019,La Liga,Getafe,48,35,59
2018/2019,La Liga,Sevilla,62,47,59
2018/2019,La Liga,Athletic Club,41,45,53
2018/2019,La Liga,Espanyol,48,50,53
2018/2019,La Liga,Alaves,39,50,50
2018/2019,La Liga,Real Betis,44,52,50
2018/2019,La Liga,Real Sociedad,45,46,50
2018/2019,La Liga,Eibar,46,50,47
2018/2019,La Liga,Leganes,37,43,45
2018/2019,La Liga,Levante,59,66,44
2018/2019,La Liga,Villarreal,49,52,44
2018/2019,La Liga,Celta Vigo,53,62,41
2018/2019,La Liga,Real Valladolid,32,51,41
2018/2019,La Liga,Girona,37,53,37
2018/2019,La Liga,SD Huesca,43,65,33
2018/2019,La Liga,Rayo Vallecano,41,70,32
2018/2019,Ligue 1,Paris Saint Germain,105,35,91
2018/2019,Ligue 1,Lille,68,33,75
2018/2019,Ligue 1,Lyon,70,47,72
2018/2019,Ligue 1,Saint-Etienne,59,41,66
2018/2019,Ligue 1,Marseille,60,52,61
2018/2019,Ligue 1,Montpellier,53,42,59
2018/2019,Ligue 1,Nice,30,35,56
2018/2019,Ligue 1,Reims,39,42,55
2018/2019,Ligue 1,Nimes,57,58,53
2018/2019,Ligue 1,Rennes,55,52,52
2018/2019,Ligue 1,Strasbourg,58,48,49
2018/2019,Ligue 1,Nantes,48,48,48
2018/2019,Ligue 1,Angers,44,49,46
2018/2019,Ligue 1,Bordeaux,34,42,41
2018/2019,Ligue 1,Amiens,31,52,38
2018/2019,Ligue 1,Toulouse,35,57,38
2018/2019,Ligue 1,Monaco,38,57,36
2018/2019,Ligue 1,Dijon,31,60,34
2018/2019,Ligue 1,Caen,29,54,33
2018/2019,Ligue 1,Guingamp,28,68,27
2018/2019,Premier League,Manchester City,95,23,98
2018/2019,Premier League,Liverpool,89,22,97
2018/2019,Premier League,Chelsea,63,39,72
2018/2019,Premier League,Tottenham,67,39,71
2018/2019,Premier League,Arsenal,73,51,70
2018/2019,Premier League,Manchester United,65,54,66
2018/2019,Premier League,Wolverhampton Wanderers,47,46,57
2018/2019,Premier League,Everton,54,46,54
2018/2019,Premier League,Leicester,51,48,52
2018/2019,Premier League,West Ham,52,55,52
2018/2019,Premier League,Watford,52,59,50
2018/2019,Premier League,Crystal Palace,51,53,49
2018/2019,Premier League,Bournemouth,56,70,45
2018/2019,Premier League,Newcastle United,42,48,45
2018/2019,Premier League,Burnley,45,68,40
2018/2019,Premier League,Southampton,45,65,39
2018/2019,Premier League,Brighton,35,60,36
2018/2019,Premier League,Cardiff,34,69,34
2018/2019,Premier League,Fulham,34,81,26
2018/2019,Premier League,Huddersfield,22,76,16
2018/2019,Serie A,Juventus,70,30,90
2018/2019,Serie A,Napoli,74,36,79
2018/2019,Serie A,Atalanta,77,46,69
2018/2019,Serie A,Inter,57,33,69
2018/2019,Serie A,AC Milan,55,36,68
2018/2019,Serie A,Roma,66,48,66
2018/2019,Serie A,Torino,52,37,63
2018/2019,Serie A,Lazio,56,46,59
2018/2019,Serie A,Sampdoria,60,51,53
2018/2019,Serie A,Bologna,48,56,44
2018/2019,Serie A,Sassuolo,53,60,43
2018/2019,Serie A,Udinese,39,53,43
2018/2019,Serie A,SPAL 2013,44,56,42
2018/2019,Serie A,Cagliari,36,54,41
2018/2019,Serie A,Fiorentina,47,45,41
2018/2019,Serie A,Parma Calcio 1913,41,61,41
2018/2019,Serie A,Empoli,51,70,38
2018/2019,Serie A,Genoa,39,57,38
2018/2019,Serie A,Frosinone,29,69,25
2018/2019,Serie A,Chievo,25,75,20
2019/2020,Bundesliga,Bayern Munich,100,32,82
2019/2020,Bundesliga,Borussia Dortmund,84,41,69
2019/2020,Bundesliga,RasenBallsport Leipzig,81,37,66
2019/2020,Bundesliga,Borussia M.Gladbach,66,40,65
2019/2020,Bundesliga,Bayer Leverkusen,61,44,63
2019/2020,Bundesliga,Hoffenheim,53,53,52
2019/2020,Bundesliga,Wolfsburg,48,46,49
2019/2020,Bundesliga,Freiburg,48,47,48
2019/2020,Bundesliga,Eintracht Frankfurt,59,60,45
2019/2020,Bundesliga,Hertha Berlin,48,59,41
2019/2020,Bundesliga,Union Berlin,41,58,41
2019/2020,Bundesliga,Schalke 04,38,58,39
2019/2020,Bundesliga,Mainz 05,44,65,37
2019/2020,Bundesliga,Augsburg,45,63,36
2019/2020,Bundesliga,FC Cologne,51,69,36
2019/2020,Bundesliga,Werder Bremen,42,69,31
2019/2020,Bundesliga,Fortuna Duesseldorf,36,67,30
2019/2020,Bundesliga,Paderborn,37,74,20
2019/2020,La Liga,Real Madrid,70,25,87
2019/2020,La Liga,Barcelona,86,38,82
2019/2020,La Liga,Atletico Madrid,51,27,70
2019/2020,La Liga,Sevilla,54,34,70
2019/2020,La Liga,Villarreal,63,49,60
2019/2020,La Liga,Granada,52,45,56
2019/2020,La Liga,Real Sociedad,56,48,56
2019/2020,La Liga,Getafe,43,37,54
2019/2020,La Liga,Valencia,46,53,53
2019/2020,La Liga,Osasuna,46,54,52
2019/2020,La Liga,Athletic Club,41,38,51
2019/2020,La Liga,Levante,47,53,49
2019/2020,La Liga,Eibar,39,56,42
2019/2020,La Liga,Real Valladolid,32,43,42
2019/2020,La Liga,Real Betis,48,60,41
2019/2020,La Liga,Alaves,34,59,39
2019/2020,La Liga,Celta Vigo,37,49,37
2019/2020,La Liga,Leganes,30,51,36
2019/2020,La Liga,Mallorca,40,65,33
2019/2020,La Liga,Espanyol,27,58,25
2019/2020,Ligue 1,Paris Saint Germain,75,24,68
2019/2020,Ligue 1,Marseille,41,29,56
2019/2020,Ligue 1,Rennes,38,24,50
2019/2020,Ligue 1,Lille,35,27,49
2019/2020,Ligue 1,Nice,41,38,41
2019/2020,Ligue 1,Reims,26,21,41
2019/2020,Ligue 1,Lyon,42,27,40
2019/2020,Ligue 1,Monaco,44,44,40
2019/2020,Ligue 1,Montpellier,35,34,40
2019/2020,Ligue 1,Angers,28,33,39
2019/2020,Ligue 1,Strasbourg,32,32,38
2019/2020,Ligue 1,Bordeaux,40,34,37
2019/2020,Ligue 1,Nantes,28,31,37
2019/2020,Ligue 1,Brest,34,37,34
2019/2020,Ligue 1,Metz,27,35,34
2019/2020,Ligue 1,Dijon,27,37,30
2019/2020,Ligue 1,Saint-Etienne,29,45,30
2019/2020,Ligue 1,Nimes,29,44,27
2019/2020,Ligue 1,Amiens,31,50,23
2019/2020,Ligue 1,Toulouse,22,58,13
2019/2020,Premier League,Liverpool,85,33,99
2019/2020,Premier League,Manchester City,102,35,81
2019/2020,Premier League,Chelsea,69,54,66
2019/2020,Premier League,Manchester United,66,36,66
2019/2020,Premier League,Leicester,67,41,62
2019/2020,Premier League,Tottenham,61,47,59
2019/2020,Premier League,Wolverhampton Wanderers,51,40,59
2019/2020,Premier League,Arsenal,56,48,56
2019/2020,Premier League,Burnley,43,50,54
2019/2020,Premier League,Sheffield United,39,39,54
2019/2020,Premier League,Southampton,51,60,52
2019/2020,Premier League,Everton,44,56,49
2019/2020,Premier League,Newcastle United,38,58,44
2019/2020,Premier League,Crystal Palace,31,50,43
2019/2020,Premier League,Brighton,39,54,41
2019/2020,Premier League,West Ham,49,62,39
2019/2020,Premier League,Aston Villa,41,67,35
2019/2020,Premier League,Bournemouth,40,65,34
2019/2020,Premier League,Watford,36,64,34
2019/2020,Premier League,Norwich,26,75,21
2019/2020,Serie A,Juventus,76,43,83
2019/2020,Serie A,Inter,81,36,82
2019/2020,Serie A,Atalanta,98,48,78
2019/2020,Serie A,Lazio,79,42,78
2019/2020,Serie A,Roma,77,51,70
2019/2020,Serie A,AC Milan,63,46,66
2019/2020,Serie A,Napoli,61,50,62
2019/2020,Serie A,Sassuolo,69,63,51
2019/2020,Serie A,Fiorentina,51,48,49
2019/2020,Serie A,Parma Calcio 1913,56,57,49
2019/2020,Serie A,Verona,47,51,49
2019/2020,Serie A,Bologna,52,65,47
2019/2020,Serie A,Cagliari,52,56,45
2019/2020,Serie A,Udinese,37,51,45
2019/2020,Serie A,Sampdoria,48,65,42
2019/2020,Serie A,Torino,46,68,40
2019/2020,Serie A,Genoa,47,73,39
2019/2020,Serie A,Lecce,52,85,35
2019/2020,Serie A,Brescia,35,79,25
2019/2020,Serie A,SPAL 2013,27,77,20
2020/2021,Bundesliga,Bayern Munich,99,44,78
2020/2021,Bundesliga,RasenBallsport Leipzig,60,32,65
2020/2021,Bundesliga,Borussia Dortmund,75,46,64
2020/2021,Bundesliga,Wolfsburg,61,37,61
2020/2021,Bundesliga,Eintracht Frankfurt,69,53,60
2020/2021,Bundesliga,Bayer Leverkusen,53,39,52
2020/2021,Bundesliga,Union Berlin,50,43,50
2020/2021,Bundesliga,Borussia M.Gladbach,64,56,49
2020/2021,Bundesliga,Freiburg,52,52,45
2020/2021,Bundesliga,VfB Stuttgart,56,55,45
2020/2021,Bundesliga,Hoffenheim,52,54,43
2020/2021,Bundesliga,Mainz 05,39,56,39
2020/2021,Bundesliga,Augsburg,36,54,36
2020/2021,Bundesliga,Arminia Bielefeld,26,52,35
2020/2021,Bundesliga,Hertha Berlin,41,52,35
2020/2021,Bundesliga,FC Cologne,34,60,33
2020/2021,Bundesliga,Werder Bremen,36,57,31
2020/2021,Bundesliga,Schalke 04,25,86,16
2020/2021,La Liga,Atletico Madrid,67,25,86
2020/2021,La Liga,Real Madrid,67,28,84
2020/2021,La Liga,Barcelona,85,38,79
2020/2021,La Liga,Sevilla,53,33,77
2020/2021,La Liga,Real Sociedad,59,38,62
2020/2021,La Liga,Real Betis,50,50,61
2020/2021,La Liga,Villarreal,60,44,58
2020/2021,La Liga,Celta Vigo,55,57,53
2020/2021,La Liga,Athletic Club,46,42,46
2020/2021,La Liga,Granada,47,65,46
2020/2021,La Liga,Cadiz,36,58,44
2020/2021,La Liga,Osasuna,37,48,44
2020/2021,La Liga,Valencia,50,53,43
2020/2021,La Liga,Levante,46,57,41
2020/2021,La Liga,Alaves,36,57,38
2020/2021,La Liga,Getafe,28,43,38
2020/2021,La Liga,Elche,34,55,36
2020/2021,La Liga,SD Huesca,34,53,34
2020/2021,La Liga,Real Valladolid,34,57,31
2020/2021,La Liga,Eibar,29,52,30
2020/2021,Ligue 1,Lille,64,23,83
2020/2021,Ligue 1,Paris Saint Germain,86,28,82
2020/2021,Ligue 1,Monaco,76,42,78
2020/2021,Ligue 1,Lyon,81,43,76
2020/2021,Ligue 1,Marseille,54,47,60
2020/2021,Ligue 1,Rennes,52,40,58
2020/2021,Ligue 1,Lens,55,54,57
2020/2021,Ligue 1,Montpellier,60,62,54
2020/2021,Ligue 1,Nice,50,53,52
2020/2021,Ligue 1,Metz,44,48,47
2020/2021,Ligue 1,Saint-Etienne,42,54,46
2020/2021,Ligue 1,Bordeaux,42,56,45
2020/2021,Ligue 1,Angers,40,58,44
2020/2021,Ligue 1,Lorient,50,68,42
2020/2021,Ligue 1,Reims,42,50,42
2020/2021,Ligue 1,Strasbourg,49,58,42
2020/2021,Ligue 1,Brest,50,66,41
2020/2021,Ligue 1,Nantes,47,55,40
2020/2021,Ligue 1,Nimes,40,71,35
2020/2021,Ligue 1,Dijon,25,73,21
2020/2021,Premier League,Manchester City,83,32,86
2020/2021,Premier League,Manchester United,73,44,74
2020/2021,Premier League,Liverpool,68,42,69
2020/2021,Premier League,Chelsea,58,36,67
2020/2021,Premier League,Leicester,68,50,66
2020/2021,Premier League,West Ham,62,47,65
2020/2021,Premier League,Tottenham,68,45,62
2020/2021,Premier League,Arsenal,55,39,61
2020/2021,Premier League,Everton,47,48,59
2020/2021,Premier League,Leeds,62,54,59
2020/2021,Premier League,Aston Villa,55,46,55
2020/2021,Premier League,Newcastle United,46,62,45
2020/2021,Premier League,Wolverhampton Wanderers,36,52,45
2020/2021,Premier League,Crystal Palace,41,66,44
2020/2021,Premier League,Southampton,47,68,43
2020/2021,Premier League,Brighton,40,46,41
2020/2021,Premier League,Burnley,33,55,39
2020/2021,Premier League,Fulham,27,53,28
2020/2021,Premier League,West Bromwich Albion,35,76,26
2020/2021,Premier League,Sheffield United,20,63,23
2020/2021,Serie A,Inter,89,35,91
2020/2021,Serie A,AC Milan,74,41,79
2020/2021,Serie A,Atalanta,90,47,78
2020/2021,Serie A,Juventus,77,38,78
2020/2021,Serie A,Napoli,86,41,77
2020/2021,Serie A,Lazio,61,55,68
2020/2021,Serie A,Roma,68,55,63
2020/2021,Serie A,Sassuolo,64,56,62
2020/2021,Serie A,Sampdoria,52,54,52
2020/2021,Serie A,Verona,43,48,43
2020/2021,Serie A,Genoa,47,58,42
2020/2021,Serie A,Bologna,51,65,41
2020/2021,Serie A,Fiorentina,47,59,40
2020/2021,Serie A,Udinese,42,58,40
2020/2021,Serie A,Spezia,52,72,39
2020/2021,Serie A,Cagliari,43,59,37
2020/2021,Serie A,Torino,50,69,37
2020/2021,Serie A,Benevento,40,75,33
2020/2021,Serie A,Crotone,45,92,23
2020/2021,Serie A,Parma Calcio 1913,39,83,20
